time_limit_ms,memory_limit_mb,num_test_cases,avg_submission_time_s,acceptance_rate,num_hints,topic_complexity,avg_lines_of_code,difficulty
2000,256,32,2.153075787711616,0.25252864290634003,4,1,24,hard
3000,512,9,96.43644463963261,0.32682868158238537,3,3,37,hard
500,128,17,19.51730642406275,0.30237355589865794,4,3,11,medium
2000,128,21,67.84749748253006,0.23968441890105485,2,5,12,hard
2000,128,44,11.667776797666153,0.16241844650942974,2,3,32,medium
3000,128,49,4.013950976886961,0.7633434780920869,0,1,49,easy
500,128,36,19.292797881123043,0.36236541011593876,2,4,77,hard
500,128,33,3.6296815367137105,0.5321962080309103,1,4,78,medium
2000,128,7,19.966865262502193,0.27443707073564827,2,2,15,medium
1000,256,44,75.88350979278844,0.320334549222419,0,2,35,hard
2000,512,38,22.06712257226099,0.225973473469565,0,3,16,easy
2000,128,44,28.7524483811129,0.28593274757801734,1,4,55,medium
2000,256,31,5.110785376344599,0.6751778889343083,0,1,48,hard
2000,256,17,1.3416258658457458,0.24808998166250415,3,1,54,medium
3000,512,49,3.5232615375137164,0.18188700056230095,4,1,21,easy
500,128,37,27.378791789482623,0.28251515377667247,2,3,39,hard
3000,512,10,2.994997872872586,0.7726064336080344,3,3,5,easy
3000,128,28,14.147805490584084,0.40117349538864355,2,5,33,medium
3000,256,23,23.96136087664721,0.5178131539253902,3,1,55,hard
2000,256,20,14.76270690567093,0.6234013527012234,2,1,68,medium
1000,256,44,5.362455284857878,0.3092933898715228,1,3,8,hard
500,256,32,9.597535507498382,0.3378233204406023,0,3,32,hard
1000,512,37,79.06527275827848,0.5531705719723007,0,5,20,hard
3000,128,45,33.80871179117058,0.3773954125175006,1,5,67,medium
3000,128,17,20.55821800294249,0.614119464763809,3,2,57,easy
1000,512,47,1.0,0.3049705970616168,4,4,21,medium
1000,128,49,146.44906403308346,0.337834559071988,3,1,44,hard
1000,256,29,33.392437979256336,0.3675482917751194,0,1,17,medium
3000,128,46,11.434407680911933,0.4179452265321733,4,5,56,hard
3000,256,40,63.42562597604021,0.2921905972651932,2,5,62,hard
500,512,31,8.969637107203958,0.1602007304903005,4,2,41,hard
500,128,42,23.558964839568755,0.538537408636284,3,4,65,hard
3000,512,11,30.323875082874935,0.12931670047181795,1,2,38,medium
1000,128,9,7.4947675850551745,0.3998110352491687,2,4,74,medium
1000,256,47,115.04807972319365,0.898707805166237,3,1,21,easy
500,512,49,41.37264039737805,0.49545365527975416,2,2,24,medium
3000,128,35,24.480687583307226,0.5080290015352142,4,5,77,hard
500,256,27,5.9752896442884476,0.5254080856632383,0,2,63,medium
500,512,46,1.6608850280373852,0.29422256130037944,3,2,73,medium
2000,512,14,11.572514210540707,0.5328858614630039,1,1,37,hard
2000,128,36,41.97377025337828,0.21883636369532494,4,5,21,medium
2000,128,47,9.413854032468992,0.4143233673031579,3,5,61,hard
1000,128,34,23.266935495192556,0.3140294918225267,1,3,5,medium
3000,256,43,39.05277085036026,0.33087186574856375,3,3,17,easy
3000,128,35,3.4267814466220385,0.31514417881932355,4,3,31,easy
3000,512,22,34.68387512648832,0.2885530771926836,3,1,74,hard
3000,512,40,2.8910614901262233,0.5406272811326389,2,2,63,easy
2000,128,6,100.68363069161053,0.37420782342345776,4,5,10,medium
1000,128,18,20.10602206987631,0.47437414975386455,3,5,27,hard
1000,512,17,4.899440005437905,0.4453290003238302,0,2,14,easy
2000,256,33,12.574006535177027,0.2513719715451774,3,5,55,hard
1000,128,16,16.00320493769987,0.17021391318903614,2,2,23,medium
2000,128,43,42.58747061375697,0.0772674464333277,1,1,55,medium
3000,512,6,40.80988584600489,0.45651625265536194,1,1,72,hard
2000,128,36,28.397898430628604,0.38442643126528936,1,1,46,medium
3000,256,17,3.3591601224243655,0.4835751883389196,0,2,61,medium
3000,512,31,4.931008666843208,0.2732696395313398,2,2,72,hard
500,128,45,2.9534312825045586,0.19005344108518712,4,4,42,hard
2000,512,21,25.823749635356258,0.16031528340390072,1,5,66,hard
500,128,44,62.90091294748557,0.2926558835923902,2,5,11,medium
2000,128,35,17.064264330864688,0.23548918586145434,3,4,75,medium
2000,128,38,5.260908845055695,0.33174715109850156,0,4,54,hard
500,256,28,24.496234792354045,0.44358238403586886,2,1,56,easy
500,256,49,50.09988565651631,0.35538558389574204,2,4,30,hard
2000,512,39,40.61040827170057,0.30566798159682884,4,2,30,medium
1000,128,10,63.972811297601716,0.6063383052676832,2,3,23,easy
3000,128,23,9.767836497113283,0.5425121680841091,4,2,13,easy
500,256,34,6.4684290441895484,0.5858827576944803,0,4,65,hard
3000,128,11,63.562062616397796,0.4641654726605457,0,5,24,hard
1000,256,14,32.149791974663486,0.2247970164666499,3,2,54,medium
1000,128,45,11.17232591420901,0.12663728692375223,4,5,26,hard
1000,512,36,40.684369141554484,0.35584897397305404,4,2,17,hard
500,128,38,50.641187245428355,0.04135110049279513,1,5,16,hard
1000,128,32,28.63366283091021,0.12804575164794368,1,2,14,easy
500,256,19,34.93142152343502,0.13359496336400678,3,5,69,medium
1000,128,34,14.112586885271655,0.29719381789243393,0,3,34,medium
3000,128,41,23.21091888559134,0.2683977125681721,1,1,12,medium
3000,256,33,22.28015618862409,0.13220717024686784,2,2,25,medium
2000,512,26,56.52567668726251,0.6206314725622142,0,3,26,medium
3000,512,8,54.97069097545153,0.48402615954809036,2,1,22,hard
2000,256,24,53.63549812495184,0.29318794870222864,4,2,70,medium
3000,256,36,1.0,0.11360864013296447,0,3,52,hard
500,256,40,41.53433849010014,0.11544672947244967,3,3,48,hard
3000,256,8,42.648493997742854,0.13423314333444847,4,3,13,medium
2000,256,31,34.03142683542813,0.06687703850782555,4,4,71,hard
2000,512,21,42.35016917554953,0.7697511209367395,2,5,58,easy
1000,512,16,55.34918224087577,0.32790856955238995,4,1,30,easy
500,256,26,19.06441327725945,0.6988747207490354,1,5,30,medium
3000,128,21,20.91768112017861,0.1980684678481345,0,5,38,hard
1000,256,14,3.996139617244894,0.15303517919112575,1,5,12,hard
3000,128,5,14.602331699294597,0.18161175648216427,2,3,14,easy
3000,256,26,30.931288009593892,0.14380431154540893,2,5,52,hard
1000,256,30,45.478396499445005,0.5514822251706457,0,4,59,hard
1000,512,22,7.346689965434385,0.6065316738320342,4,2,58,medium
1000,128,18,4.448837280286377,0.31157749151772973,3,3,44,hard
1000,128,33,32.63390996498952,0.3561795312523848,2,1,19,medium
1000,512,16,1.0,0.4389092947478022,0,2,22,medium
3000,512,40,5.89404756787636,0.3227977759252081,3,2,27,easy
1000,512,39,1.0,0.5401377623389451,4,2,66,medium
500,512,16,5.477511977546073,0.30824448487943795,2,5,50,hard
2000,128,11,6.001833369473331,0.7454023809488021,0,5,43,easy
1000,128,33,14.71469390204812,0.5319054394031553,0,3,19,medium
1000,256,15,15.441351178683227,0.31518774736592453,0,5,57,hard
3000,256,37,62.2067593434801,0.4577521962613932,2,5,68,hard
1000,512,10,21.407214480189715,0.4558762023287761,3,5,67,hard
1000,512,19,38.55600267468546,0.49094463829218116,0,3,20,medium
1000,512,36,3.299045370280954,0.37736186727571686,4,3,74,medium
3000,256,15,7.663756380795517,0.7134057508938424,0,4,70,easy
1000,256,27,36.414981716836174,0.45629820511349045,3,4,17,medium
2000,256,30,1.6274758829707747,0.1623858516721776,2,4,51,hard
3000,256,38,20.000863712286428,0.3551308313199688,0,4,13,hard
2000,256,38,27.441431673384855,0.2487559578727687,0,2,67,hard
3000,256,33,27.650078415011176,0.45142084572898344,4,2,38,medium
1000,256,8,1.0,0.4978186242591444,4,4,33,hard
2000,512,21,11.66301906012582,0.4502134482421303,0,4,41,hard
3000,512,39,30.358507892392463,0.36345368530358885,0,1,47,medium
500,512,17,4.840285210827553,0.7824963578005447,4,2,68,easy
1000,512,45,35.66421639627777,0.05293846615953898,3,1,28,easy
3000,256,43,41.10379805451152,0.6391047430174374,1,1,75,hard
500,128,19,120.47020027184158,0.11171121484609738,1,5,38,hard
3000,256,33,7.065670410264942,0.14868612069344636,0,3,52,easy
500,128,33,52.311487690052495,0.3668808729957516,4,2,16,medium
1000,512,15,22.03761703860551,0.48215657511254195,2,4,27,hard
2000,256,36,14.026404106372663,0.11229385821248347,2,4,17,hard
500,512,6,3.916136580338016,0.4059963952924213,1,3,49,medium
3000,256,18,39.89805673376009,0.2194176518343631,3,2,69,medium
1000,512,24,8.070033558852655,0.20465440822082084,1,4,51,hard
500,128,26,13.92885469860318,0.2238866918665472,0,4,62,medium
3000,128,15,1.9375069252755979,0.6382934633207002,3,5,9,hard
3000,128,31,48.48887862700965,0.7310337039332692,2,1,9,easy
3000,256,7,43.64857174224084,0.0956204452414754,4,4,64,hard
500,128,21,39.68447292486651,0.3127406870716305,4,2,25,medium
500,256,48,10.676408242810467,0.45739235528544003,0,3,28,medium
500,128,32,5.715937603215915,0.17948712620236768,1,5,22,hard
2000,128,33,30.446332558596826,0.03572363875271825,0,2,25,hard
500,256,25,20.565275778705598,0.3643956844122444,4,5,58,medium
500,256,20,5.88966205367618,0.36943741707437716,2,1,14,hard
500,128,41,34.7423927015016,0.3750006366424935,4,4,28,hard
2000,256,24,141.74034865841816,0.4098769980924875,3,2,64,hard
500,128,10,41.257023086046125,0.251740675645836,4,3,61,easy
3000,256,23,40.41063871307387,0.6228699311477572,4,1,27,medium
500,512,9,90.06020931022636,0.08450418053968764,3,1,26,medium
3000,512,7,6.804622903435372,0.3368320234192006,1,5,72,hard
3000,512,5,25.010230048634106,0.4824564305000802,4,1,38,easy
3000,512,42,116.83538870173491,0.23215288993284394,0,2,74,medium
2000,512,19,5.42027534655536,0.27115588196860924,4,5,32,hard
2000,128,38,36.14439066075171,0.6938676274202237,0,1,43,medium
2000,512,39,26.442924769970286,0.5885433408486183,3,3,46,hard
500,512,29,26.491416083116686,0.19273884155327203,4,2,27,hard
3000,512,28,35.887146557080726,0.5906358740231927,3,3,74,hard
2000,512,16,79.61407279414031,0.1881973731375341,3,3,6,hard
2000,256,22,45.77799703153553,0.4542759744948671,1,5,28,medium
500,128,19,1.733199017366081,0.5574823939259066,4,4,21,hard
2000,512,48,57.46422590391254,0.2116755416642287,0,5,69,hard
500,512,20,7.667729517404848,0.23114785494397577,0,2,74,medium
1000,512,31,14.192129771277342,0.4881066208763225,4,2,73,easy
2000,128,12,18.582006393793183,0.46165213374862074,1,5,64,hard
1000,256,29,19.670108883992057,0.4515914639824178,1,4,54,medium
500,128,21,17.13746668611827,0.5504240732251021,1,5,16,hard
3000,256,33,83.10732540843938,0.21962905880334566,0,2,51,hard
2000,512,12,36.72720496955795,0.626352124177719,3,4,71,medium
500,512,19,29.92263591222617,0.4281910692213755,1,2,69,easy
3000,128,31,1.5338106500206021,0.09499017307156662,0,4,31,medium
3000,128,11,70.27514055042529,0.21713869988484139,0,4,52,hard
1000,256,7,72.03578447443478,0.17740205215246257,3,5,66,hard
500,256,33,45.45290016110443,0.48105796204713414,4,5,48,hard
3000,128,48,1.0,0.30676288647413397,4,5,23,hard
2000,256,28,1.7695869444345045,0.22274895508149178,1,4,63,medium
2000,128,7,7.655428181521248,0.3337041615405555,1,4,12,hard
1000,256,24,4.2244294587594595,0.4298007846250477,3,2,59,hard
3000,128,19,15.266626576382777,0.3096686985691088,1,3,51,hard
500,128,29,76.77199352642609,0.37861163614155935,3,5,6,medium
2000,128,34,19.163203815996283,0.6793885220456466,0,2,43,medium
3000,256,18,1.0,0.3475143548083006,1,2,49,medium
3000,256,11,9.969744434671014,0.2290996938920221,0,1,36,easy
1000,256,21,1.368595461780384,0.10871511113402955,2,5,69,hard
2000,128,48,1.1088717779355064,0.7028720603250668,3,2,42,easy
2000,256,24,9.677310546043858,0.3436458107842051,2,1,15,easy
500,256,40,9.672857582450943,0.22189218164824148,1,5,14,hard
2000,128,13,46.41173005190618,0.36537613648066336,0,4,63,hard
500,512,42,110.4686202347471,0.31653793593828117,1,1,59,hard
2000,128,26,13.91859958687365,0.4048192911413722,2,4,24,hard
1000,256,6,16.80503935113963,0.5847710854076357,1,3,21,hard
2000,128,28,55.88917825145878,0.1888325646699221,4,3,72,medium
500,512,12,9.364941036624996,0.27136503935737344,2,3,9,easy
500,128,15,5.101657848725079,0.24275891879484693,1,3,64,hard
1000,256,17,57.53797683461099,0.317582368021023,0,2,27,medium
2000,512,21,1.4284940694374972,0.31387440054549126,1,3,50,medium
2000,256,12,29.003801761550317,0.4202630508697207,0,2,56,medium
1000,512,25,24.765601162636926,0.18795229619849033,4,2,14,easy
2000,512,22,12.735788850504164,0.5740403444320786,1,5,50,hard
2000,128,34,11.358394564074455,0.2363964321083512,4,2,32,medium
500,128,22,44.33357509993117,0.4432099532174924,2,2,47,medium
2000,256,35,2.711681360053077,0.12502759076104072,0,3,30,medium
2000,128,42,8.106437999430655,0.3674678950597119,2,2,59,hard
1000,128,36,39.55332222989499,0.6070076526775499,0,4,52,hard
1000,512,15,23.84347820468609,0.723467356458676,4,3,33,easy
3000,128,49,4.108569985221432,0.5302233673726608,3,1,31,hard
500,512,29,64.14661767043694,0.27119945357769476,1,3,22,medium
2000,512,37,14.998936904049206,0.422506497870505,4,2,64,easy
2000,512,42,52.78487505227467,0.401868845530484,0,4,78,medium
3000,256,45,46.49448658186157,0.3159837208779171,0,3,73,medium
2000,256,12,29.37894848408558,0.5035835768050536,0,4,78,medium
500,256,15,20.465097432101654,0.47819683539606583,0,1,25,medium
3000,512,26,116.69440475400498,0.5564690448708012,1,1,28,easy
500,256,28,4.698388795859972,0.20408946066765443,2,5,7,hard
3000,256,45,38.746518711534904,0.42220390763054055,3,5,66,hard
3000,128,21,6.3657634391011815,0.3864299473394842,1,3,6,hard
1000,256,16,12.386617263733374,0.2744220484944004,0,5,70,medium
500,256,36,11.075387347772782,0.59126638635106,1,4,46,medium
2000,512,19,88.14427830007672,0.1837711314583913,4,5,38,hard
2000,512,20,102.66298961001726,0.31367716201274176,0,4,46,hard
500,512,26,6.064052636786599,0.3376117281097741,3,5,24,medium
2000,512,32,1.0,0.30944745503703464,0,5,72,medium
2000,512,24,38.18983167922988,0.44334264985955607,3,5,49,hard
500,512,37,16.238026069352628,0.3876683490784032,3,2,79,medium
3000,256,14,2.791111048594306,0.6515042102870762,2,2,46,hard
500,512,44,34.53705663259408,0.46525729775014896,2,5,51,hard
3000,512,36,23.630694515233827,0.4217454443164922,1,4,9,medium
2000,128,37,118.14611557340685,0.423736092935967,1,3,53,medium
2000,256,6,7.740183588349131,0.5335165852698177,3,1,41,medium
2000,256,37,15.524324770447727,0.37705770895667845,0,2,38,easy
1000,256,37,23.462355479696413,0.3296775221725566,4,5,77,medium
3000,512,45,47.06327625847293,0.48849475689205746,4,1,74,easy
1000,512,17,23.877907734701125,0.41532408994135017,0,2,22,medium
1000,512,34,28.472179108655805,0.6205607829042886,0,3,23,hard
500,128,37,7.691202377307665,0.5979580564034501,2,4,44,hard
1000,512,17,56.303589289708725,0.24934866573946954,4,5,21,hard
500,128,30,16.791577514574612,0.2982629194610123,3,3,64,medium
500,256,26,4.5581807612919985,0.29875364831471074,1,2,46,medium
1000,512,43,32.73610634489213,0.32253047774113697,2,5,76,hard
3000,128,6,7.30384917746004,0.6578010904609948,4,1,69,medium
3000,128,42,3.0796756379090855,0.22342242394617945,0,4,57,hard
3000,512,43,59.41220195066337,0.22523412024086176,4,2,11,hard
3000,256,30,18.49460023119984,0.48738472750767714,3,4,9,medium
3000,256,19,41.50299925859228,0.29578591975046964,2,5,28,hard
1000,256,38,10.299546017326007,0.41186568011145336,0,3,32,medium
1000,128,46,46.389687343418956,0.11240172133014853,3,4,66,hard
2000,128,48,3.5613415301377986,0.5259465014423192,1,1,21,medium
3000,128,44,13.200456260802524,0.3192042212551424,2,2,24,medium
1000,128,15,114.58580066140671,0.3369045653718486,3,1,7,medium
2000,256,7,47.39487572684655,0.5657958791953126,3,4,41,medium
3000,512,10,20.63022138455047,0.3882198953763793,0,3,19,hard
500,128,13,12.45535009465804,0.36502380432695913,1,3,55,medium
2000,128,10,61.70357201554315,0.1424991147302519,3,1,52,hard
1000,256,13,23.613699617313106,0.7300887318328044,2,5,12,easy
500,512,43,42.61726107197922,0.5214224230235845,3,5,17,hard
500,512,35,42.08584691225169,0.37613462611724857,4,3,52,easy
500,256,36,1.0,0.30341451496741734,2,1,7,easy
2000,256,45,4.048959444596114,0.31916724880569514,2,1,69,medium
1000,512,16,32.331604687777045,0.3438564121800021,3,1,77,easy
500,128,12,5.288507867038937,0.28493533251525344,0,4,35,medium
3000,512,12,8.851004626508557,0.3448753541396576,2,5,30,medium
500,256,32,87.9196661556642,0.5217915884879085,4,5,60,medium
500,128,24,24.641845843903816,0.22700638577139487,0,4,38,medium
2000,128,11,41.676499645841126,0.33315640144806796,0,2,13,hard
2000,256,15,24.49205461317195,0.4424597567399815,0,4,66,hard
1000,256,24,24.123274974765735,0.6787201136437342,2,1,17,medium
3000,256,20,2.966509746538962,0.2044953789553333,0,4,73,hard
2000,512,8,12.632435876858146,0.3365765117951191,3,1,45,hard
500,512,10,9.956580826046016,0.5432360268341252,0,3,5,medium
1000,128,26,14.864732317212543,0.3620745374453259,4,1,51,easy
500,256,30,48.03578810921494,0.5789148468956129,1,5,8,hard
500,128,7,13.953237047050406,0.3003050825108468,4,4,67,medium
2000,128,45,18.027806863290714,0.5043450697328887,2,1,56,easy
1000,128,46,15.194123121813753,0.5252115593563961,0,2,14,medium
3000,128,18,2.9418820134127257,0.24573348994815827,0,3,32,medium
3000,256,15,17.452046960595112,0.8040658971419441,3,2,10,easy
2000,128,22,6.530104471568059,0.6134989870723547,0,2,31,medium
2000,256,16,6.200516332123771,0.3377996093519376,4,2,16,hard
1000,256,27,2.9626747230645654,0.6362394495169087,2,3,66,hard
3000,512,16,13.232969439926343,0.30892990627905526,1,3,56,medium
3000,256,17,42.50036608486012,0.13208498063667992,0,3,52,easy
3000,512,29,9.707224278939957,0.5801829843724092,1,3,71,medium
500,256,49,11.234219560766656,0.2028666547729155,0,2,50,easy
3000,256,23,30.87325767476393,0.4645776367527043,2,5,78,hard
500,256,40,6.538741053197317,0.14427667335288374,4,5,19,hard
1000,512,49,68.17853794957414,0.49971627929883866,2,3,75,medium
500,512,12,22.030985319476965,0.5722957385876016,1,4,40,hard
1000,128,33,17.804645408133517,0.40909421015228636,0,1,18,easy
3000,512,36,24.481160221120707,0.5744159790009629,1,4,7,medium
3000,512,48,5.446890619640429,0.6574847772164081,4,4,71,medium
1000,512,22,28.51661743129584,0.2944678170447452,2,4,23,medium
2000,512,10,13.534313345951217,0.7368246422085584,1,5,58,easy
1000,128,22,68.24511194380585,0.38265318350982297,1,1,73,medium
2000,512,23,5.548501688617128,0.10732853327723023,4,4,14,hard
500,256,26,21.220493078060333,0.12823014333823,0,3,37,medium
500,256,41,27.34750206535579,0.28067294751618554,1,5,17,hard
500,512,36,1.018606646274147,0.39979151745814645,4,3,55,easy
3000,512,45,13.562229712998729,0.5221234198161313,0,3,36,medium
500,256,7,39.574241722895806,0.6330338913640368,0,4,79,hard
2000,256,32,51.50693682103327,0.37543233141003574,2,3,28,medium
500,128,14,11.269704446439913,0.5547897623298983,4,1,39,medium
1000,256,39,48.07286684997409,0.18351483777328464,0,3,74,hard
1000,256,33,103.03258464333915,0.4199092295819407,2,4,44,medium
3000,512,19,58.32088413494404,0.5106662822290237,3,3,58,easy
1000,256,37,3.7547898862189015,0.16173290600032117,4,5,48,hard
2000,128,11,40.38111003552662,0.5291666482787124,3,5,66,hard
500,256,16,11.555179455183072,0.21533363685567153,0,5,72,medium
3000,512,34,133.7438858797939,0.3477606914367523,4,2,37,easy
500,512,25,19.928570281600848,0.09877625430530868,2,5,60,medium
500,256,35,3.918089909212818,0.2450966520406357,0,5,40,hard
2000,512,28,38.749773874236446,0.3004406139965488,4,2,58,hard
1000,128,24,11.703016421925945,0.3529980960212042,4,5,23,medium
1000,128,41,175.0662217610264,0.304915160934058,3,4,47,medium
500,256,8,117.03613885177893,0.6463040083335375,0,5,16,hard
3000,256,32,32.025098543601146,0.2864952224978322,2,5,15,hard
1000,256,48,4.171878097927344,0.30119384291125384,2,2,74,easy
3000,512,24,34.833242704167866,0.45538307854955506,0,4,16,medium
1000,128,28,2.9293932553948134,0.45977522549118516,0,3,45,easy
3000,128,36,1.0,0.295340542314169,1,1,29,medium
2000,512,45,51.941124205546366,0.2957419782273288,3,4,7,hard
3000,128,40,7.0622897387439805,0.3997486303215751,0,3,7,hard
2000,256,38,14.294036385448724,0.3782716421084834,0,4,32,hard
2000,256,40,108.87011735671703,0.35402327028866615,1,3,27,easy
3000,256,6,12.322192421503079,0.8220228498020468,1,3,52,easy
2000,128,19,10.550186309825712,0.24114611903820474,4,4,71,hard
500,256,38,75.10727505165363,0.3866382231486693,2,2,46,hard
2000,512,40,3.5212535954753372,0.18096268216848105,3,4,44,medium
1000,512,10,42.76133729272568,0.5816996594734625,4,4,10,hard
3000,128,43,132.84982495670286,0.2999275208872318,0,3,24,easy
500,512,46,69.46889747028234,0.13419953424521422,1,1,15,hard
3000,512,16,31.637969928909296,0.35703453134724933,2,3,31,hard
1000,128,7,11.30898832865511,0.5299624122458568,4,5,25,hard
1000,256,49,8.803841463223561,0.0723903262183384,2,4,17,hard
1000,256,22,51.3200598318332,0.3764557906786795,1,4,39,medium
2000,256,44,63.56341757736204,0.1680303125168283,4,2,51,easy
2000,128,25,22.360694991884184,0.12939695520416206,4,3,32,medium
3000,512,19,8.404909831609205,0.2616019970039489,2,2,25,medium
3000,256,37,3.595388163846917,0.17818682800166552,1,4,22,medium
500,256,39,2.7364796122858808,0.354087080233649,0,3,35,medium
500,128,30,38.0902878298695,0.23851422919926263,4,3,64,easy
3000,256,12,16.347956987458847,0.7020606875113033,0,5,41,easy
2000,128,40,70.73021192664056,0.16610646358038725,1,5,25,medium
1000,512,34,40.37430655367759,0.42784700751316024,4,1,18,easy
3000,128,27,6.36834944255404,0.4418185719815606,4,5,64,hard
500,128,46,28.540243215450147,0.3440944147619974,0,3,27,hard
2000,128,48,17.154736733757233,0.23513374686341557,3,5,33,medium
3000,128,18,25.82920963039311,0.5162077489362896,0,1,51,medium
3000,512,18,40.190239186995,0.3364075974455444,0,4,34,medium
2000,512,6,49.22721977702767,0.7360838638364652,3,5,42,easy
3000,256,41,55.686506479739414,0.6927082037523833,1,3,31,medium
2000,512,9,8.789879974415491,0.7895440472049572,1,4,19,easy
1000,512,42,1.0,0.3740435455502669,4,3,63,medium
2000,256,49,40.330942897544425,0.4282859683660924,2,4,7,hard
2000,512,45,3.3730217703281653,0.6455549306158339,2,3,14,medium
2000,128,18,11.346571761698078,0.605753978439229,4,5,21,medium
3000,128,43,1.0,0.3078854997830221,2,5,15,hard
3000,256,29,34.339952173479816,0.3215268612670568,0,1,52,medium
2000,256,24,5.486403795913615,0.18915466406135129,0,4,9,hard
3000,256,6,31.95089327957294,0.5930951917319761,3,1,73,hard
500,128,43,143.89942770188858,0.2027604428533899,3,2,68,medium
500,512,10,2.263401888707944,0.2226721886797072,4,5,18,medium
3000,128,21,2.406317041261467,0.20956358486449025,4,4,54,hard
3000,256,29,12.482745235032375,0.3353654305478721,4,1,30,medium
2000,512,32,60.38412245224036,0.6049392201268611,0,1,76,medium
1000,512,6,7.282403436009676,0.14785291590223576,2,2,73,medium
3000,128,39,13.40632861773014,0.2598858282904472,4,1,11,medium
500,256,41,2.128946795192925,0.2815898348718493,4,3,20,easy
2000,128,9,43.210517699643475,0.20848906545407564,0,5,59,medium
3000,512,5,15.742987467295315,0.30501060277345865,0,1,60,medium
500,128,44,42.71972897549419,0.6202750853055999,0,1,8,easy
500,128,16,70.17991360705967,0.22755749332565678,2,2,52,easy
1000,256,40,7.948791629529552,0.14217413540211377,4,3,21,easy
2000,256,49,49.41357506780502,0.5527367506887738,1,1,40,medium
2000,512,27,1.8273576387336292,0.4761854493429558,1,5,74,hard
1000,128,35,68.7337468334589,0.393605739823459,4,5,42,hard
1000,128,15,31.56061167241847,0.33948186003150704,4,1,66,medium
2000,128,14,62.198231724456065,0.5213028264618025,4,3,52,medium
2000,512,7,1.0,0.1494292372485437,4,5,14,medium
3000,512,18,5.556691394225357,0.13106865320862257,2,5,40,hard
3000,256,20,14.81705858240005,0.099520938539668,1,3,33,medium
1000,256,14,14.317030603122378,0.11385228303624607,3,3,8,hard
3000,256,33,7.713824942871325,0.3517513768914938,1,1,48,medium
500,128,14,14.41917268715716,0.7657607306425169,1,4,60,easy
3000,128,16,4.138188678275531,0.2714966407404904,0,2,46,medium
3000,256,34,15.969708213560907,0.2907984811371294,4,4,17,hard
500,128,45,48.63838177913258,0.08683351937931945,4,4,50,medium
1000,256,5,19.564191731915944,0.3069633143797253,4,5,37,hard
500,512,9,1.0,0.36802332337576377,0,3,25,medium
3000,256,24,16.416600204791372,0.19525619668717303,2,5,61,medium
1000,512,12,1.0,0.3241446959031335,2,2,73,medium
3000,128,47,101.65738927209082,0.4745131859048375,3,1,74,medium
500,256,16,4.090195731839675,0.43294835623052347,2,2,71,medium
500,128,5,36.89804011122212,0.4723628099871357,2,5,52,hard
3000,512,24,108.11004607263689,0.5156020355328574,4,5,37,medium
2000,512,32,52.46773319466711,0.32217099511981434,1,5,40,hard
2000,512,47,36.05079964228914,0.7239694516869405,2,5,37,easy
500,128,41,54.87653434662888,0.3584295754760685,2,4,35,hard
500,128,41,120.18785665830568,0.4711309239683195,0,1,25,hard
2000,128,16,29.133853529621252,0.19433225830585313,3,4,31,hard
2000,128,41,24.573886634154647,0.38638057526283165,0,5,76,hard
3000,512,48,29.68505134618206,0.2819313966194568,4,3,66,medium
3000,512,32,22.82196688236019,0.14575852783372584,1,4,30,hard
2000,256,19,30.243062429497378,0.3642788829893081,3,5,70,hard
3000,256,10,17.926504419199752,0.3229531090832388,0,5,16,hard
3000,128,48,7.394022873563828,0.36355875468859633,2,1,26,easy
1000,512,24,3.8434305059553884,0.3757631194943771,2,2,21,easy
3000,512,18,2.1236502563555324,0.2470170615417709,3,4,11,hard
500,512,6,9.167878513882606,0.3506732936330184,2,4,72,hard
3000,256,13,1.4166341486129166,0.4179783146567799,0,4,41,hard
3000,256,41,25.122361190380722,0.3389003557884402,0,5,42,hard
2000,512,24,10.01506624774851,0.10110608169949123,2,1,15,medium
500,512,30,52.20943777277348,0.27941554746639113,2,5,5,medium
3000,512,33,2.3142360057376115,0.29365498481954694,4,5,29,hard
3000,256,5,7.699129067865418,0.31127356432351205,1,3,46,medium
1000,512,39,39.30736175052476,0.5977880163742043,3,1,56,medium
3000,512,10,27.399477060903934,0.33752490638354243,0,4,28,medium
3000,128,41,1.9999440821623713,0.17897417626065412,3,2,57,medium
1000,128,9,62.92558881890256,0.2806693498850433,4,4,60,hard
2000,256,37,62.9310403321132,0.5256640853808938,0,5,67,hard
3000,512,18,12.032601392934204,0.5705312543533768,4,1,12,easy
1000,512,16,12.483916417947844,0.21302050158241825,4,1,63,medium
500,128,46,135.37324100592912,0.3364395982856034,2,1,49,medium
2000,256,24,29.519119187567718,0.23790648292248387,3,3,31,easy
500,128,28,22.734828669388904,0.1071614406303388,3,4,56,hard
500,128,47,54.63296369724998,0.21998255798313057,2,3,22,easy
1000,128,38,10.076366591655802,0.3820724470831712,3,2,20,medium
3000,128,29,16.82057696230306,0.5922504512285848,2,5,70,medium
1000,512,33,9.350091702601638,0.40675827357898875,0,3,9,medium
1000,512,43,46.69979226950548,0.3850171892815232,4,3,7,medium
1000,128,35,25.55369220820051,0.17818597468150096,4,5,74,medium
1000,256,47,32.26079827325496,0.6164757718151112,3,1,11,hard
2000,256,27,8.72289441632378,0.36179613907247193,1,5,54,hard
3000,256,48,7.462507468281888,0.2819717688670338,4,4,18,medium
500,256,42,20.104878569880057,0.11379629430937158,2,5,42,hard
500,128,24,40.13264103175713,0.5363202448485344,1,1,51,medium
3000,512,27,22.34836065156092,0.23192957662508004,1,5,37,hard
500,256,49,1.0,0.16929687591982026,4,3,47,hard
3000,128,20,60.874205614085355,0.4200209815779145,4,2,33,hard
500,256,46,2.006217975153973,0.36516226227486215,4,3,61,medium
1000,256,12,93.58753721124998,0.16524252535514683,2,2,9,easy
500,128,25,1.0,0.5475193347230222,1,5,64,hard
3000,512,5,35.56930021382639,0.10887017715003354,3,4,74,medium
3000,512,12,2.573504202087886,0.5284830259016331,2,5,6,hard
3000,128,33,72.46474671367561,0.38894498090442337,0,1,74,easy
3000,512,36,18.732891638494046,0.354657312574364,4,5,47,medium
3000,128,42,4.438430863853376,0.19326148541201535,1,2,8,medium
2000,128,9,12.502563512977888,0.5000747978686201,2,3,60,medium
2000,128,26,5.403408195816776,0.6966015019753519,0,4,63,hard
500,512,38,5.610927670120999,0.2196332127465918,2,5,13,medium
3000,128,5,88.75790439750155,0.3544997883076263,2,5,7,hard
500,256,30,17.67692127434813,0.4233265220203477,3,3,52,hard
3000,512,47,46.64881339369031,0.534042014397387,3,4,47,medium
3000,512,14,30.616685518131334,0.24441316003391467,2,5,5,hard
2000,512,34,33.84985688800064,0.12729746631759753,0,5,61,medium
2000,512,22,4.236313355755785,0.3465776361106174,1,2,57,medium
1000,256,21,8.004417912718717,0.5297080995235324,1,2,20,hard
2000,512,30,46.35874992785798,0.343575322925298,4,1,55,medium
1000,512,12,105.97289779111036,0.4362939748884732,4,3,79,medium
1000,128,44,9.141821357652837,0.31423587598707925,1,4,59,hard
1000,512,16,9.50586150143613,0.1927490445099115,2,5,5,hard
1000,256,31,19.21078666744276,0.7281314808410643,2,5,32,easy
1000,256,12,123.75706757828384,0.27521971290549574,3,1,57,medium
500,256,29,9.398569774478137,0.15541225580488024,3,5,62,hard
2000,256,8,15.675405335429254,0.15510369606302882,4,3,77,medium
1000,512,37,66.62462805480997,0.227117447683884,1,1,64,hard
3000,512,5,1.0,0.28300965489026564,2,3,63,medium
2000,256,23,1.217347132833238,0.1722846089172112,1,1,26,medium
2000,256,35,27.795662604471662,0.16145045639618427,0,5,12,hard
1000,512,20,71.37755868910385,0.38299757112052973,1,1,53,hard
500,256,18,8.188007458832997,0.38111762604773197,0,2,46,medium
1000,128,9,19.02607811767523,0.6241596474969807,3,4,31,medium
500,256,45,17.96050085497043,0.260146001849322,3,5,43,medium
3000,256,30,19.215010805507674,0.49770580185248114,4,4,29,hard
2000,128,32,29.22710657318114,0.38552413777623373,1,5,42,medium
3000,128,6,19.031847696381437,0.09495966734597278,1,4,28,medium
500,512,10,17.79732553463641,0.18881773342229746,0,2,28,hard
500,512,13,19.290076333415563,0.7597815842870774,3,4,64,easy
3000,128,37,26.811482129341886,0.653090291443981,0,1,54,medium
500,128,45,23.1013319571524,0.14154062414766808,3,4,70,hard
3000,512,29,57.7524174641338,0.4930338523078585,0,5,18,hard
2000,256,17,1.5229142006850716,0.2032123005597185,3,3,57,medium
3000,128,13,53.74985708477658,0.45641388168057806,0,4,36,medium
2000,512,17,55.72248407917592,0.28402039313879257,3,4,52,hard
3000,256,35,10.06032310038785,0.3875309332499256,0,4,43,hard
500,128,45,18.644446004549362,0.6132121391281316,1,5,44,medium
3000,256,15,17.316361592369834,0.44015244435570205,4,4,46,medium
500,512,8,7.396581394386246,0.3078847058690809,0,5,12,hard
3000,128,38,15.165037059693988,0.4825798042225164,4,5,30,hard
3000,256,42,1.3620920292638046,0.40710832461647317,1,3,16,medium
1000,128,8,9.764512015782719,0.3613970850001921,1,1,47,easy
500,256,42,50.89601659108512,0.3823763120241755,3,5,55,medium
1000,512,23,10.045822746550101,0.34800567452501846,4,2,67,easy
500,512,10,51.14654339085274,0.29619078172239205,2,4,53,hard
1000,128,38,22.75294512685653,0.4824801683684987,3,2,31,medium
2000,256,22,63.57359505455628,0.3856903700365455,4,4,13,hard
3000,128,17,25.654426460564324,0.5459328236295626,0,3,43,hard
500,128,45,1.0,0.2068538396315377,0,5,69,medium
500,256,27,33.756716385821335,0.3994868594110789,1,1,75,medium
3000,256,23,1.3767185502914832,0.46694415861686966,2,5,75,hard
500,256,49,17.967692381574015,0.41086359670835343,0,4,11,hard
500,512,15,79.53309944005161,0.7171761282694129,4,1,76,easy
1000,128,5,5.417034680711439,0.28561206176520537,4,5,71,hard
500,128,28,14.822612586995781,0.2186332106213996,0,1,14,hard
2000,512,11,39.26448237421826,0.23560436551859867,4,4,75,hard
2000,256,29,64.17792635854777,0.4419849712618802,4,3,57,hard
3000,512,25,33.34572916067981,0.12773904893364355,1,3,61,easy
500,512,19,8.959186778812668,0.4710509654557041,2,5,31,medium
3000,512,5,33.68172652815711,0.5409180750987972,1,2,58,hard
2000,128,16,10.560331153534756,0.21343282448890255,2,4,8,hard
500,512,11,38.02114377473878,0.19785340953715425,4,5,27,hard
500,128,19,92.39502920485599,0.2586477373664069,2,5,52,hard
3000,128,25,38.33864134423197,0.42971626594962825,4,3,46,medium
2000,128,23,59.60707475461041,0.6916396176750804,4,1,7,medium
500,256,33,1.0,0.28358855275470796,1,4,7,medium
3000,128,29,37.92996209330647,0.28853535243052014,1,1,32,medium
2000,128,37,53.086009324851716,0.5175349738962388,3,4,67,medium
3000,256,36,1.2421254670304676,0.3595460105117629,0,2,35,medium
1000,128,39,61.57761562906496,0.24730914783865945,3,3,14,easy
500,512,48,8.899433469825379,0.27810516496072313,3,2,53,easy
1000,512,42,32.83491221179299,0.3898191658575119,2,5,25,medium
2000,128,30,48.33641650964537,0.34223414630357046,4,3,57,hard
1000,256,15,32.600320008354544,0.2256815985652162,4,5,58,medium
1000,512,39,2.9047379170899026,0.2608269003590814,4,2,61,easy
2000,256,12,27.214096698961836,0.1637759277183336,0,4,24,medium
3000,256,18,23.927487500222806,0.6511840501775763,2,5,53,hard
1000,512,14,69.17408836425815,0.19008206445840609,2,1,11,hard
3000,256,6,15.537507713400393,0.3925924903379321,4,4,33,medium
1000,512,13,11.617607838596934,0.5143417327946007,3,4,52,hard
3000,256,7,41.5709279089473,0.305630712144198,0,2,17,hard
2000,512,25,15.965325146343837,0.20252726943069627,3,2,7,hard
1000,128,30,31.161902506966225,0.055325665297203,1,3,6,easy
2000,512,12,31.19191847535742,0.4954553070593804,2,3,20,easy
1000,512,6,65.68815772373016,0.4467335065850406,2,1,10,medium
2000,512,10,27.390812076522334,0.43364232831634114,3,4,49,medium
2000,512,32,20.923911098341584,0.3705850315859832,0,1,75,easy
1000,256,33,4.485340170795305,0.41812051607197104,2,1,9,easy
1000,128,30,3.690043060927104,0.4532285022682075,3,2,60,hard
1000,512,29,5.028482773198757,0.13559461433386163,0,1,75,medium
500,256,16,5.656774433155401,0.3681418642319881,3,1,36,medium
3000,128,9,30.473148052578924,0.3594673099054667,0,5,53,medium
500,128,38,40.525644814217515,0.29339320803056096,4,3,17,medium
500,128,41,22.6501364434175,0.5848263112871088,0,3,34,hard
2000,128,19,52.98586280859117,0.12715179446677422,1,4,29,medium
1000,512,48,142.20643046921592,0.24263248574822383,4,3,64,medium
3000,512,40,51.44605776982738,0.5139556726407951,3,4,63,medium
2000,256,19,35.6117374993091,0.5593152128187245,4,5,32,hard
500,256,47,22.810209425943004,0.5793113036638445,4,3,62,hard
1000,256,27,17.8726154339512,0.24545110014009386,3,5,24,medium
2000,128,10,2.6450210736466913,0.27956530997518614,3,3,38,medium
1000,128,48,15.293222724352619,0.2115151045751933,1,3,9,medium
2000,512,47,72.28328078908554,0.3253939935567322,3,5,64,hard
1000,128,49,49.511333339925116,0.27318554173636833,2,1,47,medium
500,128,25,7.3023533212372485,0.341052004527432,2,1,61,hard
3000,128,27,18.85494785471079,0.22891277951498418,1,1,61,easy
500,256,47,50.90273143721816,0.21963845394092998,0,1,79,hard
3000,256,20,2.0928699986519965,0.4576148240849211,0,3,58,medium
1000,512,19,14.700929448058565,0.15524252919249454,2,2,49,easy
2000,128,29,57.28412569051208,0.07843828525199335,3,5,41,hard
500,128,40,15.520297732700273,0.31977722381326773,1,2,52,medium
3000,512,15,2.4237656076604894,0.2756318347602627,0,2,58,medium
500,128,19,23.46160558689786,0.34640002647827295,0,4,52,hard
3000,128,8,59.359120612435895,0.23860836637081162,4,1,10,easy
500,256,25,26.768844244270074,0.5120709480264724,2,3,38,hard
3000,512,17,7.696322260618494,0.35866324612308437,3,1,67,easy
3000,512,26,14.546921545674579,0.23250714809365827,1,1,52,hard
1000,512,23,17.941839569133865,0.22146003175573958,0,2,27,medium
3000,512,38,25.97265944780776,0.4027018539240801,4,4,17,hard
1000,256,18,42.732478370017674,0.3651349196337316,2,1,51,medium
3000,256,8,3.1232928666380424,0.37644922178672,2,5,48,medium
2000,128,31,66.12349709421612,0.41821334786994613,1,5,36,hard
2000,128,33,1.0,0.42482639949974593,0,1,30,easy
2000,128,32,13.863556018759626,0.23060806944393716,1,2,57,medium
3000,128,39,1.0,0.2743575922071996,1,2,18,medium
1000,256,12,14.975520793816006,0.20759596313671677,4,3,56,easy
1000,512,20,22.38458023184684,0.28812681844102095,2,4,40,hard
3000,256,46,21.503615694711744,0.3897892333207146,3,2,12,hard
2000,128,40,5.432290464636369,0.3857542161627711,2,3,44,medium
2000,256,34,31.131768361477008,0.10048482043507863,2,5,26,medium
1000,512,22,1.3743592921903938,0.6857039894277958,4,5,20,medium
2000,512,6,43.05279509648495,0.5550522330555715,3,5,64,medium
500,256,17,87.92330929975486,0.2223464728006518,0,1,64,medium
1000,256,8,12.454957301903903,0.2704408040193803,3,4,14,hard
2000,256,30,21.847030875069635,0.4441001126021513,0,3,29,medium
1000,128,29,14.288391831251689,0.4878113938373285,3,4,35,hard
500,256,34,1.0,0.4673182311223271,1,1,25,hard
1000,256,15,14.626679371241043,0.27349507562623626,3,3,37,medium
1000,256,11,47.06619586384015,0.42287080045660536,4,3,35,medium
1000,512,35,27.189383491339456,0.6226370603973177,0,2,25,medium
1000,512,48,3.2028420470521874,0.32499389367725096,2,4,40,medium
500,128,14,56.34688412350493,0.42738643627473144,4,4,69,hard
3000,128,43,22.72003497394628,0.5518234468159234,0,2,8,medium
1000,512,17,55.3023270574912,0.1746238854774444,0,5,72,hard
1000,512,35,26.040843975636392,0.36616517826459255,2,1,8,easy
2000,512,11,24.608181681790917,0.507906231545009,1,4,13,hard
1000,256,46,3.3366358513846244,0.20027374983286403,4,2,34,medium
2000,256,46,5.4946074779339975,0.4841319724473399,2,3,49,hard
3000,512,40,107.29359580815392,0.06499250445897035,2,2,8,easy
500,256,24,7.782042863531165,0.43678047943551207,1,5,73,medium
500,256,8,113.76342424888296,0.5432274586089728,4,1,27,easy
3000,128,11,22.773014278116634,0.34439550488909015,2,5,20,hard
500,512,5,4.378151444673043,0.4141555530252734,1,3,26,medium
3000,512,48,3.137564573921964,0.28295537331276,4,3,76,easy
3000,256,49,7.028564433164391,0.32107977030735657,3,3,52,medium
3000,512,46,77.96403632138782,0.3471100365101057,0,3,66,medium
500,128,17,16.040756333362026,0.4681272551659441,1,2,64,easy
2000,128,26,15.097346310817828,0.5471447051320526,0,3,9,medium
3000,128,25,11.271637988807294,0.18055299290958712,3,3,11,medium
1000,512,26,4.77204730728369,0.5370138321339898,2,2,55,easy
500,512,32,20.07420197051718,0.24936422414747966,2,3,69,easy
3000,512,13,4.179509738051866,0.10318189151827252,4,5,13,hard
3000,512,30,54.14173717262685,0.2798713491637562,1,5,49,hard
1000,512,13,13.879973854836512,0.4821371969275865,1,4,51,hard
2000,128,19,14.090681612275578,0.5678842620760124,4,5,71,hard
2000,256,14,19.273988633099293,0.15626816315304184,0,1,28,easy
2000,128,28,17.61650133165085,0.48044710483469477,2,1,14,hard
3000,512,46,158.10923792441065,0.5761246629855573,2,1,77,hard
3000,128,12,23.648875202689126,0.30486203968146663,1,2,52,medium
3000,512,28,2.77009439414911,0.4958743214186733,1,5,39,medium
500,512,20,28.00900823585058,0.10633054003077697,4,1,58,medium
1000,128,30,4.931536279104645,0.4775647439209737,3,4,75,hard
3000,512,31,1.0,0.30070238889650214,0,2,20,medium
1000,256,41,105.94822472779418,0.18174559562820597,3,4,57,hard
1000,512,8,44.55546166070017,0.49352026534703,3,5,44,hard
2000,256,28,117.52462588407167,0.22933539184368107,1,3,24,hard
500,256,23,19.49564580035466,0.3003847984367938,1,4,73,medium
3000,512,40,22.79512244271236,0.23295648958693219,1,3,49,medium
2000,128,43,5.529837458660992,0.4192751187847068,3,2,10,medium
2000,256,14,8.507013581585712,0.5215490692828925,0,4,73,medium
3000,128,29,54.70664757004114,0.18633964279352097,1,4,53,hard
1000,256,22,13.210345990735526,0.21990072587686482,2,2,43,easy
2000,512,23,52.60184221143284,0.3326931519488399,0,2,6,medium
1000,512,40,37.03437526263664,0.4108847871014337,2,1,43,hard
500,256,14,5.850203565082198,0.27259109051871283,0,5,25,medium
1000,512,37,21.24455769058788,0.2963093021562292,1,4,44,medium
500,256,9,33.939084393881046,0.13213934454147647,4,4,58,medium
1000,512,39,8.037842794238433,0.23061842762976933,1,2,16,easy
2000,128,48,53.28045382581543,0.41744509969556626,3,2,41,hard
2000,512,38,23.612374713666693,0.2907777712407493,3,5,42,hard
500,128,37,5.418404307732539,0.46170337654311894,0,2,19,easy
3000,512,25,26.238951316609118,0.21960015924661075,3,3,11,easy
500,128,21,244.76502635882346,0.4895786745109945,1,3,54,easy
500,512,26,4.893979121458683,0.7012694806185603,2,3,69,easy
1000,128,41,50.90825270317165,0.48565731203153256,1,3,71,easy
1000,256,19,6.969653904788408,0.42888977689516705,0,5,48,medium
500,256,39,45.75129397327874,0.2151474977406954,3,4,35,hard
2000,128,32,39.79301931382957,0.6232320278674474,2,3,47,easy
1000,512,11,10.721229321750405,0.298053077047263,4,2,52,easy
3000,128,36,11.827882969570757,0.5091180231555584,2,3,65,medium
1000,512,15,47.18181115269347,0.3712007852401815,2,5,79,hard
1000,256,14,18.565998075683126,0.2308435747061248,1,2,14,hard
3000,512,13,39.37102964684546,0.0734689103674706,4,3,33,easy
500,256,18,4.8045043784336885,0.41045858800623297,0,4,52,medium
3000,512,17,57.42956764975611,0.575077820445415,0,2,66,easy
500,512,29,37.227892985922296,0.32089962382440046,2,2,17,medium
500,512,6,71.23623048219933,0.05402325825115214,2,4,48,hard
500,128,39,4.259779934306961,0.44232440157518815,3,2,51,hard
3000,128,11,26.96933164787489,0.7831838388346604,4,3,68,easy
500,256,25,27.42283823165662,0.2444031324649739,2,2,57,easy
2000,256,22,13.083640694047435,0.12984280800369008,3,3,48,medium
3000,128,7,18.400506299231562,0.40752772748836436,4,4,32,hard
2000,256,46,1.161649905621424,0.24920035496651027,0,1,6,medium
500,128,43,41.09610404090508,0.39918059952463836,3,4,61,hard
1000,512,45,23.910096815184044,0.27674242932463944,4,3,61,hard
500,256,15,1.7842545096897513,0.2882480719998032,3,5,38,hard
2000,256,43,34.25397729012298,0.2072395363313804,2,4,62,hard
2000,128,28,18.86475232942759,0.28300552584146027,1,5,56,hard
3000,256,23,1.052071591052084,0.5032860607714563,0,5,33,medium
1000,256,8,104.80700626536049,0.1123958222247414,2,3,39,easy
3000,512,30,89.34392854379804,0.4739508388576556,2,3,79,medium
2000,256,42,21.578723953538592,0.5361789060518489,4,1,52,easy
500,512,46,2.9506341521646915,0.5140417245688373,3,2,37,hard
1000,128,36,42.14856684079804,0.647253686938368,0,4,79,hard
500,256,43,20.31414632662204,0.22061762657469633,2,3,77,medium
500,512,49,10.805324045339203,0.2286446962230659,4,4,13,hard
1000,128,40,20.283875008691005,0.3686902878013651,0,5,52,hard
3000,256,44,22.172224587879228,0.2904610119678994,3,2,71,hard
500,128,41,24.81487721320473,0.5049925126195973,2,1,40,medium
2000,256,37,17.460182677463052,0.11469172835293684,2,4,75,hard
500,128,40,27.92350513314676,0.6335060810979325,2,2,48,medium
1000,128,7,75.30108894969334,0.34514214933295106,0,1,64,medium
1000,512,13,13.495118494796058,0.4844490457286075,0,4,67,medium
1000,128,12,38.807787056096004,0.20221172836448412,0,2,9,medium
3000,256,37,67.45784186404512,0.48076441923484675,0,3,44,medium
500,256,10,18.26303810466906,0.27317403965048515,4,4,23,hard
3000,512,45,17.58026255442281,0.612752228675183,1,2,51,easy
3000,256,43,27.64791749870087,0.2380416630924216,4,1,69,easy
1000,256,8,26.851054188589806,0.38110711668600633,2,2,71,medium
1000,256,17,49.28818771755249,0.14733190758889836,4,3,22,easy
3000,128,6,19.41559525624905,0.14119113994617286,3,4,54,medium
500,128,9,166.5804189242625,0.3584675494890754,0,4,34,hard
2000,256,48,1.8394020267532796,0.2165993363653441,3,4,70,medium
3000,512,31,1.0,0.13698951267425202,3,3,9,medium
500,128,36,30.666067942724787,0.5254665052551257,2,1,46,easy
1000,512,25,10.633248006761843,0.5673427140830901,0,4,9,hard
1000,256,12,8.248203460389671,0.4111265711493069,3,1,54,hard
500,256,42,11.21459297297546,0.4424757070261899,2,2,62,easy
2000,128,12,8.873345333563112,0.5146797306225165,0,1,12,medium
1000,256,7,1.0,0.40886088521489117,1,1,35,hard
1000,128,48,106.77033739310484,0.23386027781495933,2,4,16,hard
1000,256,7,7.482527122488907,0.5666200690463346,4,5,25,hard
500,256,26,39.731125976820294,0.4507045337711435,0,5,66,hard
3000,128,10,43.1398083087739,0.13598159443449545,3,3,37,hard
1000,128,6,79.46121940198037,0.44584307341037416,3,3,30,easy
3000,128,27,1.0,0.3478102241427984,4,5,44,hard
2000,256,48,61.68308191515794,0.4675708498246676,4,2,69,medium
1000,256,6,22.474145653502905,0.2640364691580802,3,4,63,hard
1000,512,42,30.034559839529273,0.24074365012428034,0,4,19,hard
2000,128,21,31.02439273718714,0.12210772583687601,2,2,5,easy
1000,256,39,51.41027258661704,0.4296148633127578,4,2,15,hard
3000,256,38,12.167282925177766,0.26983201514934474,4,5,59,hard
500,128,27,39.620950838551025,0.34732131626324503,4,3,6,medium
3000,512,34,22.56005558463895,0.36058725435482386,1,2,69,medium
500,128,12,47.30825250995159,0.4124444947928323,0,3,48,hard
500,512,26,139.83962438666646,0.3782892047909118,0,1,20,easy
3000,256,48,6.718729630826657,0.200267999006168,0,4,26,hard
3000,512,40,156.9121450885753,0.5355060551119584,0,5,22,hard
3000,256,9,2.8231283072589703,0.29313794581680686,0,4,51,medium
3000,128,17,1.0,0.10253848974853642,3,5,34,hard
2000,128,33,1.3550030875823895,0.4982656117194796,4,1,14,hard
1000,128,35,12.546591313017338,0.31675343690281177,3,4,62,medium
500,512,20,30.064147012023174,0.3554523414859339,1,1,66,easy
3000,256,46,2.1458319745633716,0.49173987687364,2,5,10,hard
3000,128,34,1.0,0.5818420130532869,4,2,71,medium
3000,128,20,82.98199480893088,0.3772221881580733,1,4,45,medium
2000,256,16,51.7667896788851,0.4779493209021316,3,1,47,hard
3000,128,21,49.69323966840227,0.16763575526669186,2,4,22,hard
3000,256,20,64.73488021463658,0.2393247702804137,1,4,62,medium
3000,256,16,36.122611602773915,0.22976268251241555,2,4,64,medium
1000,256,12,3.3079801626167926,0.6041112586154406,1,3,31,medium
2000,256,24,15.279811818870863,0.41108230697402,3,1,72,medium
3000,256,7,38.52832742376316,0.13773171651421848,2,1,26,medium
500,512,20,9.869061113283362,0.8416155211243108,1,4,28,easy
500,128,34,34.88553659769515,0.47872411341953697,3,2,44,easy
500,512,49,1.0,0.3705704845284494,4,4,78,medium
2000,128,27,10.964437067419755,0.35530011553888047,3,3,70,medium
2000,512,32,23.897309256268496,0.2478031215951985,3,5,44,hard
500,256,44,29.997494175901963,0.2696689018664064,4,3,10,easy
3000,128,9,25.814377141100184,0.27944164695916596,3,2,22,medium
2000,128,24,35.895646626412606,0.4653369853440337,4,4,34,medium
500,512,44,1.0,0.5579844380239833,4,1,25,medium
500,512,48,3.1922052185316003,0.610299526320385,4,4,66,medium
3000,128,5,60.96397473548565,0.47718212425437917,1,2,14,easy
1000,512,34,34.347413431072304,0.18742214159976608,2,1,17,medium
2000,512,25,3.59499701697085,0.5546899445685967,1,3,13,medium
3000,512,24,55.36894439232575,0.08942969658875241,4,5,72,medium
500,256,10,8.32130929742391,0.2241433303716382,2,5,43,hard
500,256,26,19.517570325513336,0.3728140124341188,2,4,28,hard
3000,512,22,4.706510282812031,0.2796716760726333,4,3,38,medium
2000,512,12,37.147617988027925,0.2839358419794882,2,2,65,hard
1000,256,43,32.97527131209402,0.4245615566853993,2,5,45,medium
1000,256,36,7.113945519115434,0.6155217529594496,1,3,9,medium
500,128,37,59.72111837245443,0.18598998571203573,2,4,54,hard
2000,128,20,15.390141098070139,0.3066329476587643,4,1,8,medium
1000,256,16,10.381169394826772,0.40201451293173246,0,4,55,hard
2000,512,42,4.957901566864374,0.3832771158648173,0,4,56,medium
2000,512,38,9.28425529362381,0.41834948080707,0,3,43,medium
500,512,18,1.0,0.16481574418066472,4,5,12,hard
1000,512,40,26.258602074355885,0.05128280303148477,0,3,49,easy
3000,128,37,55.39865199918381,0.4779249022064672,1,1,32,easy
500,256,27,23.88733773197012,0.43219199959802646,4,3,31,medium
1000,512,49,7.425929225839935,0.26014069542544355,4,2,69,medium
1000,128,6,1.027471133414236,0.4985724371364062,4,4,38,medium
1000,512,45,7.247936441301864,0.4971541161247756,2,5,66,hard
1000,256,25,16.141867276575944,0.14986275300133658,2,1,66,easy
1000,128,6,42.764958533992015,0.3154273699086835,2,4,42,medium
2000,256,31,6.241842785634461,0.5254630421881389,3,3,30,hard
500,256,13,38.166634307947376,0.481687590154823,1,2,28,easy
2000,128,5,60.50718113645752,0.23744557721670115,4,3,43,medium
3000,128,15,18.151168805649853,0.6509427736044041,4,4,25,hard
1000,128,7,51.683572533691525,0.3895682895847268,2,1,51,easy
500,128,27,24.267338661050665,0.3163459819404186,4,5,52,medium
1000,128,30,30.40808147774438,0.6036775121005623,4,4,17,hard
500,128,8,22.414067969476918,0.5749997087671193,0,1,7,hard
2000,128,22,18.66236606676661,0.4090127179483305,4,4,36,hard
500,512,10,8.022795913514432,0.3524623320492747,3,2,39,medium
3000,256,39,10.837449840673335,0.42830177448625373,2,3,23,medium
3000,128,26,10.273446715123491,0.2192341963278284,1,5,18,medium
500,512,47,24.8545041535803,0.4503115656537523,1,1,52,medium
500,512,19,3.833422539917681,0.23496539627909444,0,5,72,hard
500,512,26,74.59224194326868,0.3823633743698291,1,5,49,medium
500,256,41,38.25924666046747,0.522406384265859,1,5,23,hard
3000,128,46,15.397137475791407,0.5863718646214894,2,1,68,medium
1000,512,16,5.181504116853958,0.426515651446707,2,1,70,easy
500,256,46,64.11012895280594,0.42859577359025985,3,5,70,medium
500,256,42,52.08033679356145,0.4994088663488863,0,3,79,easy
3000,256,22,38.373991729080664,0.4329028854324633,1,4,49,medium
3000,512,49,9.504967099260016,0.5053877624765462,3,5,78,hard
2000,128,39,15.447350682897088,0.5151195047690666,0,2,71,medium
500,512,34,3.25256403856714,0.21031527943631378,1,5,73,hard
2000,512,28,6.286078855398671,0.24847295198895994,1,1,7,medium
3000,128,46,45.8380379412993,0.15611282134409413,2,4,42,hard
3000,128,34,37.662058906773936,0.3107376950406737,4,2,46,easy
1000,128,18,27.004089815344287,0.5925571264999853,0,4,44,medium
500,256,10,67.8222057214087,0.4604079792932045,1,4,54,medium
2000,128,7,26.259251788831744,0.5011799591170392,0,2,39,hard
3000,512,20,18.875214570802555,0.19519294427630296,3,5,28,hard
3000,128,11,12.482320158654609,0.5008391189289044,3,5,21,hard
2000,512,18,84.62741672712244,0.31129824144147894,4,5,44,medium
1000,256,13,2.5901268624138005,0.49329699235809754,1,3,78,hard
3000,512,19,80.160534484405,0.2378056797354043,2,5,70,medium
500,512,25,52.58447035895098,0.18927101804271793,1,2,48,easy
3000,128,39,4.175445721995465,0.5474934201447496,0,3,27,hard
500,128,6,24.97119867518227,0.535878440776309,3,5,10,medium
2000,512,31,60.42039838791928,0.12884065855541332,0,3,70,medium
500,128,6,25.44558910057481,0.2899025739996728,4,2,25,easy
2000,256,39,71.31920149061126,0.11186231565830226,3,5,39,medium
500,256,22,85.93260407807823,0.45190829562905277,2,1,33,medium
2000,128,18,16.465406849706724,0.27405019877179915,3,2,11,easy
500,256,24,14.211370689899356,0.2968637847586704,1,4,57,medium
1000,128,22,82.6170857695546,0.5471785325235513,1,4,41,medium
500,512,14,33.73083440774445,0.13714174713080576,3,2,27,medium
500,512,29,3.69971622921996,0.14699079329335263,4,4,12,hard
1000,256,6,1.296362618741488,0.4725583996685573,1,2,52,medium
3000,128,29,24.946705648662768,0.09289635081685486,1,1,14,medium
3000,128,37,79.85116163320818,0.1953476298156589,2,2,28,medium
500,256,40,55.78484370259428,0.43023630666942436,3,5,51,hard
1000,512,35,33.79625865740684,0.11343357480443832,1,5,57,medium
500,256,18,4.493860054946163,0.38258403473774116,4,3,43,medium
2000,512,5,8.800196783181967,0.4772680434518642,0,4,71,medium
2000,128,20,62.50619220769791,0.42730404216542833,3,4,70,medium
500,512,7,6.056408145218197,0.3030558325235318,2,2,10,hard
3000,256,39,9.790167721364316,0.257682094873701,1,4,25,hard
3000,128,45,4.1640945311180015,0.4767711627214189,4,5,77,hard
500,256,10,33.820375997144104,0.3336964664772935,3,1,78,easy
500,256,29,86.46262987499432,0.2893763449824351,4,2,40,medium
2000,512,17,9.398942632828222,0.47365393202057726,4,4,7,hard
3000,256,38,19.353954228201665,0.29960746023029033,2,5,46,hard
500,512,12,30.181518817475794,0.12000167705824107,3,3,49,medium
2000,128,25,226.06738951039014,0.618348686069646,1,4,48,hard
3000,512,38,3.3215139354676926,0.6071372522528097,2,1,37,medium
1000,128,8,20.70878571093921,0.6844654334128952,1,1,64,medium
2000,512,29,14.589850415012581,0.2755790205407217,0,4,74,medium
3000,256,19,60.25722984590259,0.7475840967372926,4,4,30,easy
3000,512,8,19.386060435550988,0.4967628115779774,0,5,25,hard
2000,512,49,3.5289828631893174,0.17974383317610154,4,4,6,medium
1000,128,16,30.188444534684436,0.529239375352035,2,3,51,medium
2000,256,36,44.192272055047376,0.7487551811947962,1,5,34,easy
3000,512,36,1.0,0.6025147431228727,1,2,31,medium
500,256,32,58.760647205415104,0.46876993124914856,2,3,75,medium
500,512,17,6.17469506742023,0.29114591167127135,3,5,24,hard
2000,512,35,24.093506711112312,0.5601519713522985,0,5,54,hard
3000,256,18,16.12522832574002,0.13260759552738197,0,1,27,easy
500,512,24,38.151902107195475,0.22789303136442116,1,5,17,medium
3000,256,22,13.91642983626757,0.16709806483303064,1,3,8,hard
2000,512,33,61.1520230402707,0.3536766450518175,1,4,18,hard
500,128,10,39.33520157365217,0.46271416790941056,2,3,24,medium
3000,256,36,31.299287407895967,0.3861200743265354,3,2,17,medium
500,512,33,47.72446113538883,0.17931307953004363,0,5,7,hard
2000,512,47,42.07552156062994,0.14521441354732145,4,5,51,hard
3000,128,6,1.0980111350504922,0.37885607731335197,2,5,7,hard
500,256,27,15.062634983001203,0.39192449100192284,0,5,5,hard
2000,512,23,80.12579623408365,0.27293839736510517,3,1,28,easy
500,128,35,4.0307841413469445,0.4635234599124685,2,1,39,medium
500,512,9,40.07905278346158,0.1320924560267691,0,4,18,medium
1000,256,23,110.18051305622292,0.695825820478815,2,5,71,hard
1000,512,38,1.6083096896832494,0.6639252620834059,0,2,17,medium
2000,512,14,34.389413089260906,0.36706468020725685,0,4,51,medium
1000,512,29,18.94204712732042,0.427225886371286,3,5,54,medium
2000,512,6,25.96616446560646,0.4123243342743345,4,1,30,medium
1000,128,15,2.67612985930192,0.4280882407262739,3,2,7,medium
500,128,35,1.3187745535303295,0.2744970709885224,0,4,55,hard
2000,256,19,32.97637351145678,0.18258565938744012,2,2,44,medium
2000,128,13,52.00065802065283,0.38610069083750787,3,5,72,hard
500,128,27,45.69991687189476,0.20528676868828627,4,3,40,medium
2000,256,23,23.545095744419935,0.3890876252116071,0,2,55,easy
2000,128,13,3.156376502697399,0.4401325847067222,3,2,5,medium
1000,128,39,34.94683648535142,0.39678985124275984,3,1,37,easy
2000,256,25,8.307759373981348,0.2462387358581604,3,5,11,medium
3000,256,13,72.59673445669765,0.5260218203029647,3,2,56,easy
500,256,32,54.65394925984423,0.4606340571559542,2,5,15,medium
1000,512,11,37.0724674995093,0.289574621581758,4,1,31,easy
1000,512,20,89.18741174474786,0.2679238132682054,4,5,18,medium
3000,256,20,1.0,0.6162822452344066,0,1,50,medium
500,256,37,39.97696949998639,0.33293978042958655,1,1,14,hard
500,256,8,12.025199684486443,0.3404467316379658,2,4,28,hard
1000,512,8,70.9548496206767,0.06287352673960392,0,5,65,medium
2000,512,43,9.304996805498316,0.49543933269410423,0,3,22,easy
1000,128,44,38.713874902318885,0.6468956045612171,3,4,13,medium
500,128,21,63.02535390543474,0.526344860556381,1,1,21,hard
3000,256,41,1.2764801400406218,0.4971420185820405,1,3,62,easy
1000,512,43,15.207377670069578,0.5163645992571672,2,2,17,easy
500,512,33,43.103517087180606,0.5139655359868208,1,2,54,medium
1000,512,40,18.204620064026646,0.29891383371126307,0,4,10,medium
2000,256,42,9.328628650037615,0.22463154898822696,1,3,55,easy
1000,128,43,7.446355129225076,0.5425280098532574,1,5,40,hard
1000,256,41,4.230261787232503,0.3881318200414968,4,3,75,easy
500,128,39,58.37451217143171,0.3173786661461689,0,4,29,hard
500,128,11,25.695081085462213,0.5984197637890439,1,5,15,medium
500,256,31,2.3837970383677503,0.39462227858248133,1,5,48,hard
1000,128,32,14.466188927935995,0.5413561410043229,3,2,18,hard
2000,128,26,13.753336050482213,0.5092925738854069,1,3,33,medium
3000,512,18,6.017224663015665,0.6217705157168688,1,5,78,medium
3000,128,11,17.154852115467648,0.5592038673148906,4,4,54,hard
500,256,41,12.108476012954549,0.35191538031098507,0,2,9,medium
500,256,26,12.547562166739935,0.3644885986861861,2,5,76,hard
1000,128,9,40.300098924407514,0.3941914418046044,0,3,73,medium
3000,512,6,7.579618906935267,0.6904112143967177,3,2,61,easy
500,512,31,30.804935780678463,0.3438079838936014,0,3,30,hard
2000,128,25,25.364458975329327,0.25683350406953753,1,3,10,easy
2000,128,42,25.18631587804294,0.3963103282064987,3,3,20,medium
500,256,19,32.63082442522961,0.3371881720526964,0,2,64,hard
500,128,25,23.847560080977097,0.5100133702091042,3,5,16,medium
3000,512,14,63.422260389686755,0.663417673313121,2,1,79,medium
3000,128,27,33.771497693696936,0.3785612255419475,0,5,7,medium
1000,256,43,23.753461019667352,0.6719563095387453,1,2,67,medium
3000,256,9,53.116932052624314,0.3431031091694298,3,1,68,easy
2000,256,5,27.953292933222748,0.4654105800761771,4,1,66,hard
2000,256,17,10.323096767898821,0.5227537417410796,3,1,10,easy
500,256,25,6.961552786912088,0.49592310742604223,4,4,23,hard
3000,128,30,4.957837728375438,0.1735740626802813,1,2,22,easy
1000,128,49,68.91456013339152,0.29021078602142997,2,4,47,medium
2000,128,25,37.15024413849606,0.44374206629982665,4,1,77,medium
2000,128,22,83.11936865735073,0.36351624849173647,2,4,7,hard
1000,256,41,27.73662886648524,0.45694286560706054,3,4,76,medium
1000,512,49,19.239471175732117,0.17971241556627243,1,2,42,easy
2000,128,36,1.847215251441063,0.5353579355376629,4,3,72,medium
2000,512,40,33.40954979499115,0.33036126673830857,3,4,48,medium
1000,128,21,26.18320189483727,0.5484377717969211,0,4,67,hard
2000,128,39,138.78842442846346,0.20193479734853134,3,1,46,hard
500,512,15,8.19991759479087,0.6557094177652795,2,1,68,medium
500,256,25,22.69777971700733,0.12933182901794563,1,1,58,hard
1000,128,30,31.57683345918458,0.38385041234482264,1,5,75,hard
3000,128,8,31.034595950063316,0.3226988545626602,3,4,41,hard
1000,128,38,24.717742569427053,0.06079874008650691,0,1,8,medium
1000,512,22,45.00782207920892,0.2833143688545955,2,2,6,medium
3000,256,44,6.881685863754042,0.5328243722083341,3,5,48,medium
3000,512,39,38.798025432247165,0.23670818840579133,3,3,71,hard
3000,512,45,29.00657321603835,0.15691560440040583,1,4,72,hard
500,256,33,67.92260608702792,0.32277264098424,2,4,78,hard
2000,512,33,56.35767027458015,0.4905814034179298,0,2,66,easy
500,256,42,11.356533582890942,0.1437813125250869,1,3,5,hard
2000,128,46,9.698752117817518,0.10513359711369435,3,3,21,easy
500,256,25,119.94920571785737,0.3315649258947456,1,5,20,hard
2000,128,46,22.476620516697228,0.36526053492339444,1,4,13,hard
500,512,17,71.0684668208768,0.33464184129464936,4,1,57,medium
3000,512,45,5.3695307991404775,0.5882008761839543,1,2,77,medium
1000,128,21,30.885371530495924,0.21503843510170623,1,2,63,medium
500,512,13,49.79986864302046,0.1705236607583621,2,2,13,easy
2000,256,45,88.34846553814869,0.30257154614799836,1,2,16,hard
3000,128,5,12.344803609530572,0.26283406054832975,0,1,45,easy
500,512,6,38.72747131968868,0.624798209307618,3,1,19,easy
500,128,33,23.218550937679552,0.058275208142985126,2,5,70,medium
3000,256,37,1.8763409378692222,0.664170914738881,1,4,79,hard
500,256,14,35.13546402338397,0.4007775089704045,0,1,15,easy
1000,512,44,35.14483524626828,0.49667885300111614,3,5,12,hard
500,256,25,80.03899406461814,0.5558474938404147,2,3,59,hard
1000,128,32,20.633594016941686,0.19058590855524943,0,4,10,medium
1000,256,15,7.850720648835997,0.3354169122723193,1,1,57,easy
3000,128,38,1.3676194019222638,0.393468347520095,4,3,24,easy
500,128,12,16.117253692298473,0.1780516596997765,4,5,43,hard
3000,256,26,10.782505274314229,0.397427389153721,2,1,76,easy
500,512,12,42.94983829791286,0.5507857417449779,0,1,38,hard
500,256,19,13.121110733549612,0.23846519538938357,3,3,61,easy
2000,128,21,89.31979883266955,0.6036941047007055,0,1,23,hard
500,128,27,98.35097572312586,0.5068376979865468,4,2,75,medium
3000,256,28,29.099337486596905,0.3863690048801589,2,1,35,hard
1000,512,49,79.2090636676983,0.46031822938344313,1,4,44,medium
500,512,23,42.92047426512612,0.47736756599336233,0,3,18,hard
2000,128,9,23.746600745058448,0.4035709849831092,4,4,41,medium
3000,128,36,5.96479620769954,0.21337740112543263,3,5,48,hard
500,512,48,18.407793100479164,0.2796768026571264,2,4,13,medium
3000,256,5,24.689098390087317,0.37652451837832746,1,2,62,easy
2000,128,27,59.8445381563397,0.2764217659612665,0,2,24,medium
2000,128,41,19.69481838620691,0.45521731723255043,3,4,54,medium
3000,512,12,68.38794173284653,0.39711156855033747,1,5,24,hard
500,256,17,33.657868763963506,0.2731272528005229,4,1,40,medium
1000,512,12,4.420185066422919,0.5787053719000141,4,2,31,medium
2000,256,27,158.83794469232916,0.19908372040530925,3,4,76,hard
500,256,47,22.474556841152744,0.571541289624202,4,4,36,hard
500,256,5,14.920420771643355,0.4865937141921211,2,4,5,hard
1000,128,49,32.28619432522322,0.5152412171859458,3,1,21,easy
2000,512,28,3.458733638527787,0.38477400851279686,4,3,13,hard
2000,512,39,30.36246918305727,0.35460769516570695,0,5,49,medium
500,256,28,20.688761710445533,0.6077247414490992,4,3,70,medium
500,128,21,15.660342059029885,0.4117916522775022,2,5,36,hard
1000,128,9,91.74101251674541,0.42419320874922134,1,5,49,hard
1000,512,24,22.1782289676872,0.26390005498153574,1,4,13,medium
2000,128,25,7.419916869404053,0.3231697374393702,4,2,34,medium
3000,128,44,18.42805489925929,0.33092454793953635,1,4,42,hard
2000,256,35,75.54301112604158,0.21067692380861375,4,1,64,medium
500,128,40,5.811018571518503,0.18893069423963185,2,5,5,medium
2000,256,15,7.222314896675213,0.6201848157690195,1,2,9,easy
3000,512,19,1.0,0.2538648174244463,0,5,67,medium
1000,128,23,1.0,0.2881290731036773,4,5,40,hard
3000,512,11,53.05153695501344,0.2646960253748589,1,4,69,hard
3000,512,32,39.51677674112785,0.37104552985556527,2,2,77,medium
3000,128,47,13.157058528786536,0.5382726838556484,2,2,28,hard
1000,128,9,35.950773440981834,0.3442824048122952,0,5,8,medium
3000,512,9,15.086017588732874,0.4112952187914393,2,2,72,medium
3000,128,34,91.66242764248692,0.5865910292695417,2,2,29,easy
3000,256,36,102.38536199941181,0.7351249353746538,1,4,78,easy
500,256,12,14.966604069296414,0.37358461603710263,4,3,11,medium
3000,128,14,57.77009159842873,0.4733826112454421,3,1,17,medium
1000,512,42,44.49592777879159,0.45456995201403905,2,3,72,hard
3000,128,36,11.13190771006375,0.3719993514259961,2,2,47,medium
3000,128,32,7.920522231827541,0.3207784330492977,3,5,61,hard
1000,512,21,18.38766916769177,0.3298501806469442,2,1,40,easy
3000,512,35,45.608330959945484,0.299546648268677,1,1,18,easy
1000,256,12,96.69237795530034,0.23887259521130016,1,5,76,medium
3000,512,44,43.26424368588544,0.5791473778897719,3,1,31,medium
1000,256,29,57.97350117813611,0.532906283049109,2,5,41,medium
3000,512,13,27.71942975080644,0.19136861554865203,2,1,75,medium
3000,128,6,54.12853700560295,0.3492722868399455,4,3,29,medium
500,256,19,46.032815658403905,0.44582868126153413,2,1,71,medium
500,256,7,14.195566598491066,0.16211302528735808,1,4,8,hard
3000,256,40,24.08821199248452,0.21588653203513458,0,5,78,hard
3000,128,8,49.00471440282364,0.42837636013767943,0,1,20,easy
2000,128,18,1.4145323730912625,0.5325936960748199,0,5,23,hard
